STATION,DATE,LATITUDE,LONGITUDE,ELEVATION,NAME,TEMP,TEMP_ATTRIBUTES,DEWP,DEWP_ATTRIBUTES,SLP,SLP_ATTRIBUTES,STP,STP_ATTRIBUTES,VISIB,VISIB_ATTRIBUTES,WDSP,WDSP_ATTRIBUTES,MXSPD,GUST,MAX,MAX_ATTRIBUTES,MIN,MIN_ATTRIBUTES,PRCP,PRCP_ATTRIBUTES,SNDP,FRSHTT
42182099999,01-01-2009,28.584511,77.205783,214.88,"SAFDARJUNG, IN",51.5,8,47.1,8,1017,8,999.9,0,0.4,8,1.7,8,5.1,999.9,64.2, ,44.2,*,0,I,999.9,100000
42182099999,02-01-2009,28.584511,77.205783,214.88,"SAFDARJUNG, IN",51.2,7,44.4,7,1018.1,6,999.9,0,0.3,7,0.7,7,5.1,999.9,67.3,*,39.2, ,0,I,999.9,100000
42182099999,03-01-2009,28.584511,77.205783,214.88,"SAFDARJUNG, IN",51.3,6,47.4,6,1017.9,6,999.9,0,0.2,6,0.3,6,1.9,999.9,59, ,47.5,*,0,I,999.9,100000
42182099999,04-01-2009,28.584511,77.205783,214.88,"SAFDARJUNG, IN",54.7,8,48.5,8,1015.7,8,999.9,0,0.3,8,1.2,8,4.1,999.9,64.4, ,46.6, ,0,I,999.9,100000
42182099999,05-01-2009,28.584511,77.205783,214.88,"SAFDARJUNG, IN",57,8,50.7,8,1013.9,8,999.9,0,0.4,8,1.1,8,1.9,999.9,68, ,50,*,0.01,G,999.9,110000
42182099999,06-01-2009,28.584511,77.205783,214.88,"SAFDARJUNG, IN",55.7,8,48.6,8,1015.8,8,999.9,0,0.5,8,0.4,8,2.9,999.9,68.4, ,47.1, ,0,G,999.9,100000
42182099999,07-01-2009,28.584511,77.205783,214.88,"SAFDARJUNG, IN",54.5,8,41.4,8,1019.5,8,999.9,0,0.9,8,0.7,8,2.9,999.9,70.9, ,42.6, ,0,I,999.9,0
42182099999,08-01-2009,28.584511,77.205783,214.88,"SAFDARJUNG, IN",52.8,8,39,8,1022.1,8,999.9,0,0.9,8,1.1,8,5.1,999.9,70.9, ,40.1, ,0,I,999.9,0
42182099999,09-01-2009,28.584511,77.205783,214.88,"SAFDARJUNG, IN",56.1,8,46,8,1021.4,8,999.9,0,0.6,8,0.5,8,2.9,999.9,68.4, ,42.8, ,0,I,999.9,0
42182099999,10-01-2009,28.584511,77.205783,214.88,"SAFDARJUNG, IN",58.5,8,47.9,8,1020.5,8,999.9,0,0.7,8,2.1,8,5.1,999.9,70.3, ,50.9, ,0,I,999.9,100000
42182099999,11-01-2009,28.584511,77.205783,214.88,"SAFDARJUNG, IN",55.5,8,46.2,8,1020.7,8,999.9,0,0.5,8,2.9,8,12,999.9,69.8, ,47.1,*,0,I,999.9,100000
42182099999,12-01-2009,28.584511,77.205783,214.88,"SAFDARJUNG, IN",54.9,8,45.5,8,1022.2,8,999.9,0,0.7,8,2.6,8,8.9,999.9,70.2, ,43.9, ,0,I,999.9,100000
42182099999,13-01-2009,28.584511,77.205783,214.88,"SAFDARJUNG, IN",54.8,8,45.7,8,1023.6,8,999.9,0,0.7,8,0.5,8,2.9,999.9,71.6, ,41, ,0,I,999.9,100000
42182099999,14-01-2009,28.584511,77.205783,214.88,"SAFDARJUNG, IN",58,8,45.1,8,1022.1,8,999.9,0,0.7,8,2.5,8,8,999.9,75, ,46.4, ,0,I,999.9,100000
42182099999,15-01-2009,28.584511,77.205783,214.88,"SAFDARJUNG, IN",59,8,48.1,8,1021.4,8,999.9,0,0.7,8,1.1,8,5.1,999.9,72.3, ,46.4, ,0,I,999.9,100000
42182099999,16-01-2009,28.584511,77.205783,214.88,"SAFDARJUNG, IN",62.5,8,53.1,8,1020,8,999.9,0,0.6,8,0.1,8,1,999.9,75.2, ,50.7, ,0,I,999.9,100000
42182099999,17-01-2009,28.584511,77.205783,214.88,"SAFDARJUNG, IN",62.9,8,57.8,8,1018.1,8,999.9,0,0.4,8,1.5,8,4.1,999.9,73.8, ,56.7, ,0,I,999.9,100000
42182099999,18-01-2009,28.584511,77.205783,214.88,"SAFDARJUNG, IN",64.3,8,59.6,8,1017.2,8,999.9,0,0.4,8,1.9,8,5.1,999.9,76.6, ,55.4, ,0.24,G,999.9,110000
42182099999,19-01-2009,28.584511,77.205783,214.88,"SAFDARJUNG, IN",60.8,8,55.5,8,1018.3,8,999.9,0,0.5,8,4.5,8,9.9,999.9,76.6, ,55.2, ,0,G,999.9,100000
42182099999,20-01-2009,28.584511,77.205783,214.88,"SAFDARJUNG, IN",58.6,8,49,8,1017.4,8,999.9,0,1,8,7.1,8,14,999.9,69.8, ,49.6, ,0,I,999.9,0
42182099999,21-01-2009,28.584511,77.205783,214.88,"SAFDARJUNG, IN",58.9,8,47.7,8,1016.5,8,999.9,0,1.2,8,6.7,8,14,999.9,70.2, ,50.4, ,0,I,999.9,0
42182099999,22-01-2009,28.584511,77.205783,214.88,"SAFDARJUNG, IN",61.2,8,49.3,8,1015.7,8,999.9,0,1,8,4.4,8,8.9,999.9,72.3, ,52.3, ,0,I,999.9,0
42182099999,23-01-2009,28.584511,77.205783,214.88,"SAFDARJUNG, IN",63.9,8,50.5,8,1014.4,8,999.9,0,1.1,8,8.6,8,15.9,999.9,76.3, ,53.6, ,0,I,999.9,0
42182099999,24-01-2009,28.584511,77.205783,214.88,"SAFDARJUNG, IN",63.9,8,52.2,8,1012.3,8,999.9,0,1,8,5.5,8,13,999.9,75.2, ,54.7, ,0,I,999.9,0
42182099999,25-01-2009,28.584511,77.205783,214.88,"SAFDARJUNG, IN",63.6,9,58.5,9,1012.3,8,999.9,0,0.4,9,2.3,9,6,999.9,76.1, ,53.6, ,0,I,999.9,100000
42182099999,26-01-2009,28.584511,77.205783,214.88,"SAFDARJUNG, IN",64.2,8,53.3,8,1012.3,8,999.9,0,0.8,8,1.7,8,6,999.9,77.7, ,54.7,*,0,I,999.9,100000
42182099999,27-01-2009,28.584511,77.205783,214.88,"SAFDARJUNG, IN",62.4,8,51.4,8,1014.2,8,999.9,0,0.9,8,2.2,8,8,999.9,76.1, ,49.8, ,0,I,999.9,100000
42182099999,28-01-2009,28.584511,77.205783,214.88,"SAFDARJUNG, IN",61.1,8,50.6,7,1014.5,8,999.9,0,1,8,4.9,8,13,999.9,74.1, ,51.6, ,0,I,999.9,100000
42182099999,29-01-2009,28.584511,77.205783,214.88,"SAFDARJUNG, IN",59.2,8,48.4,8,1015.7,8,999.9,0,1.2,8,1.1,8,4.1,999.9,75.2, ,46.4, ,0,I,999.9,100000
42182099999,30-01-2009,28.584511,77.205783,214.88,"SAFDARJUNG, IN",62.2,8,50,8,1015.6,8,999.9,0,1.4,8,3.1,8,8,999.9,76.1, ,47.7, ,0,I,999.9,0
42182099999,31-01-2009,28.584511,77.205783,214.88,"SAFDARJUNG, IN",60.5,8,50.4,8,1014.9,8,999.9,0,1,8,5.1,8,12,999.9,73.9, ,51.1, ,0,I,999.9,100000
42182099999,01-02-2009,28.584511,77.205783,214.88,"SAFDARJUNG, IN",60.8,8,46.3,8,1015.3,8,999.9,0,1,8,5.4,8,14,999.9,74.8, ,48.6, ,0,I,999.9,0
42182099999,02-02-2009,28.584511,77.205783,214.88,"SAFDARJUNG, IN",59.4,8,46.8,8,1015.9,8,999.9,0,1.3,8,2.3,8,8.9,999.9,76.6, ,45.9, ,0,I,999.9,0
42182099999,03-02-2009,28.584511,77.205783,214.88,"SAFDARJUNG, IN",61.5,8,49.8,8,1015.6,8,999.9,0,0.9,8,1,8,5.1,999.9,79.9, ,45.7, ,0,I,999.9,0
42182099999,04-02-2009,28.584511,77.205783,214.88,"SAFDARJUNG, IN",64.8,8,51.3,8,1014.6,8,999.9,0,1.1,8,0.2,8,1.9,999.9,85.6, ,48, ,0,I,999.9,100000
42182099999,05-02-2009,28.584511,77.205783,214.88,"SAFDARJUNG, IN",66.2,8,54.9,8,1014.2,8,999.9,0,0.9,8,2,8,8,999.9,82, ,52.3, ,0,I,999.9,0
42182099999,06-02-2009,28.584511,77.205783,214.88,"SAFDARJUNG, IN",68,8,58.6,8,1015.5,8,999.9,0,0.8,8,2.2,8,5.1,999.9,80.6, ,55.8, ,0,I,999.9,0
42182099999,07-02-2009,28.584511,77.205783,214.88,"SAFDARJUNG, IN",61.9,8,51.3,8,1016.5,8,999.9,0,0.8,8,4,8,13,999.9,74.5, ,53.1, ,0,I,999.9,100000
42182099999,08-02-2009,28.584511,77.205783,214.88,"SAFDARJUNG, IN",58.9,8,46,8,1017.7,8,999.9,0,1.2,8,2.7,8,8.9,999.9,74.3, ,47.5, ,0,I,999.9,0
42182099999,09-02-2009,28.584511,77.205783,214.88,"SAFDARJUNG, IN",62.7,8,51.8,8,1015.9,8,999.9,0,1.2,8,1.3,8,4.1,999.9,79.9, ,45.7, ,0,I,999.9,0
42182099999,10-02-2009,28.584511,77.205783,214.88,"SAFDARJUNG, IN",62.9,8,55.2,8,1012.1,8,999.9,0,0.9,8,4.5,8,14,999.9,72.5, ,54.1, ,0,E,999.9,10010
42182099999,11-02-2009,28.584511,77.205783,214.88,"SAFDARJUNG, IN",58.7,8,53.1,8,1015,8,999.9,0,0.7,8,4.1,8,8.9,999.9,67.1, ,52.7, ,0.2,G,999.9,100000
42182099999,12-02-2009,28.584511,77.205783,214.88,"SAFDARJUNG, IN",60.9,8,53.7,8,1014.3,8,999.9,0,0.8,8,4.2,8,9.9,999.9,71.6, ,50.4, ,0,G,999.9,100000
42182099999,13-02-2009,28.584511,77.205783,214.88,"SAFDARJUNG, IN",64,8,52.3,8,1011.2,8,999.9,0,1.1,8,2.1,8,7,999.9,80.2, ,52.3, ,0,I,999.9,100000
42182099999,14-02-2009,28.584511,77.205783,214.88,"SAFDARJUNG, IN",70.3,7,56.7,7,1013.4,7,999.9,0,1.2,7,2.9,7,5.1,999.9,81.5, ,55.6, ,0,I,999.9,0
42182099999,15-02-2009,28.584511,77.205783,214.88,"SAFDARJUNG, IN",62.4,8,49.6,8,1014.8,8,999.9,0,1.4,8,3.9,8,11.1,999.9,74.3, ,54, ,0,I,999.9,100000
42182099999,16-02-2009,28.584511,77.205783,214.88,"SAFDARJUNG, IN",59.7,8,47.5,8,1016.1,8,999.9,0,0.9,8,3.4,8,9.9,999.9,74.3, ,49.3, ,0,I,999.9,100000
42182099999,17-02-2009,28.584511,77.205783,214.88,"SAFDARJUNG, IN",60.8,8,47.7,8,1016.1,8,999.9,0,1.3,8,2.3,8,6,999.9,75, ,47.8, ,0,I,999.9,100000
42182099999,18-02-2009,28.584511,77.205783,214.88,"SAFDARJUNG, IN",64.6,7,49.8,7,1014.6,7,999.9,0,1.5,7,6.8,7,13,999.9,78.8, ,50, ,0,I,999.9,0
42182099999,19-02-2009,28.584511,77.205783,214.88,"SAFDARJUNG, IN",65,8,48.7,8,1012.4,8,999.9,0,1.2,8,5.4,8,13,999.9,79.5, ,53.6, ,0,I,999.9,0
42182099999,20-02-2009,28.584511,77.205783,214.88,"SAFDARJUNG, IN",69.4,8,52.2,8,1015.7,8,999.9,0,1.4,8,1.3,8,2.9,999.9,85.6, ,53.4, ,0,I,999.9,0
42182099999,21-02-2009,28.584511,77.205783,214.88,"SAFDARJUNG, IN",69.6,8,51.2,8,1014.3,8,999.9,0,1.5,8,4.6,8,9.9,999.9,85.6, ,55.2, ,0,I,999.9,0
42182099999,22-02-2009,28.584511,77.205783,214.88,"SAFDARJUNG, IN",69.2,8,50.7,8,1009.5,8,999.9,0,1.1,8,3.6,8,9.9,999.9,83.1, ,55.4, ,0,I,999.9,0
42182099999,23-02-2009,28.584511,77.205783,214.88,"SAFDARJUNG, IN",70.2,8,52.8,8,1008.5,8,999.9,0,1.2,8,0.4,8,2.9,999.9,87.8, ,55.6, ,0,I,999.9,0
42182099999,24-02-2009,28.584511,77.205783,214.88,"SAFDARJUNG, IN",68,8,57.3,8,1007.8,8,999.9,0,1.1,8,1,8,2.9,999.9,86, ,57.2, ,0,I,999.9,0
42182099999,25-02-2009,28.584511,77.205783,214.88,"SAFDARJUNG, IN",70.2,8,53.4,8,1009,8,999.9,0,1,8,4.4,8,12,999.9,86, ,57.7, ,0,I,999.9,0
42182099999,26-02-2009,28.584511,77.205783,214.88,"SAFDARJUNG, IN",69.4,8,46.9,8,1010,8,999.9,0,1.2,8,4.2,8,8,999.9,82.4, ,55.4, ,0,I,999.9,0
42182099999,27-02-2009,28.584511,77.205783,214.88,"SAFDARJUNG, IN",69.6,8,45.2,8,1011.6,8,999.9,0,1.6,8,5.6,8,12,999.9,82.4, ,57.6, ,0,I,999.9,0
42182099999,28-02-2009,28.584511,77.205783,214.88,"SAFDARJUNG, IN",68.5,8,41.6,8,1010.9,8,999.9,0,1.7,8,8.2,8,15.9,999.9,80.6, ,57.2, ,0,I,999.9,0
42182099999,01-03-2009,28.584511,77.205783,214.88,"SAFDARJUNG, IN",69.8,8,45.4,8,1009.9,8,999.9,0,1.7,8,5.7,8,12,999.9,83.8, ,54.1, ,0,I,999.9,0
42182099999,02-03-2009,28.584511,77.205783,214.88,"SAFDARJUNG, IN",72.7,6,49.7,6,1010.2,6,999.9,0,1.7,6,3.5,6,8,999.9,86.4, ,57.2, ,0,I,999.9,0
42182099999,03-03-2009,28.584511,77.205783,214.88,"SAFDARJUNG, IN",76.2,8,59.1,8,1008.7,8,999.9,0,1.4,8,1.9,8,5.1,999.9,93.2, ,57.2, ,0,I,999.9,0
42182099999,04-03-2009,28.584511,77.205783,214.88,"SAFDARJUNG, IN",76.5,8,57.6,8,1007.4,8,999.9,0,1.2,8,2,8,8.9,999.9,92.3, ,65.7, ,0,I,999.9,0
42182099999,05-03-2009,28.584511,77.205783,214.88,"SAFDARJUNG, IN",71.4,7,55.8,7,1009.3,7,999.9,0,1.2,7,4.9,7,15,999.9,85.3, ,64.4,*,0,I,999.9,0
42182099999,06-03-2009,28.584511,77.205783,214.88,"SAFDARJUNG, IN",71.9,8,50.3,8,1009.2,8,999.9,0,1.6,8,2.2,8,8,999.9,88.7, ,58.6, ,0,I,999.9,0
42182099999,07-03-2009,28.584511,77.205783,214.88,"SAFDARJUNG, IN",74.7,8,52.7,8,1009.3,8,999.9,0,1.6,8,3.3,8,6,999.9,90.7, ,59, ,0,I,999.9,0
42182099999,08-03-2009,28.584511,77.205783,214.88,"SAFDARJUNG, IN",70.7,8,47.7,8,1010.6,8,999.9,0,1.2,8,2.4,8,8,999.9,85.3, ,57.4, ,0,I,999.9,0
42182099999,09-03-2009,28.584511,77.205783,214.88,"SAFDARJUNG, IN",70,8,46.9,8,1014,8,999.9,0,1.6,8,1.3,8,4.1,999.9,86.2, ,55.9, ,0,I,999.9,0
42182099999,10-03-2009,28.584511,77.205783,214.88,"SAFDARJUNG, IN",73.7,7,48.2,7,1015,7,999.9,0,1.3,7,4,7,8,999.9,86, ,55, ,0,I,999.9,0
42182099999,11-03-2009,28.584511,77.205783,214.88,"SAFDARJUNG, IN",71.2,8,44.6,8,1013.8,8,999.9,0,1.5,8,6.7,8,13,999.9,84.7, ,56.8, ,0,I,999.9,0
42182099999,12-03-2009,28.584511,77.205783,214.88,"SAFDARJUNG, IN",71.6,8,47.8,8,1011.2,8,999.9,0,1.7,8,6.3,8,14,999.9,86.9, ,56.5, ,0,I,999.9,0
42182099999,13-03-2009,28.584511,77.205783,214.88,"SAFDARJUNG, IN",74.3,8,55.1,8,1014.3,8,999.9,0,1.6,8,1.5,8,4.1,999.9,92.5, ,54.9, ,0,I,999.9,0
42182099999,14-03-2009,28.584511,77.205783,214.88,"SAFDARJUNG, IN",74.6,8,55,8,1013.3,8,999.9,0,1.4,8,0.7,8,2.9,999.9,92.8, ,60.1, ,0,I,999.9,0
42182099999,15-03-2009,28.584511,77.205783,214.88,"SAFDARJUNG, IN",74,8,57.4,8,1011.3,7,999.9,0,1.1,8,1.4,8,5.1,999.9,89.8, ,62.6, ,0,I,999.9,0
42182099999,16-03-2009,28.584511,77.205783,214.88,"SAFDARJUNG, IN",73.8,8,56.9,8,1010.8,8,999.9,0,1.2,8,0.9,8,4.1,999.9,89.8, ,59.9, ,0,I,999.9,0
42182099999,17-03-2009,28.584511,77.205783,214.88,"SAFDARJUNG, IN",74.6,8,57.8,8,1010.7,8,999.9,0,1.2,8,2.1,8,8.9,999.9,91.4, ,60.1, ,0,I,999.9,0
42182099999,18-03-2009,28.584511,77.205783,214.88,"SAFDARJUNG, IN",76.9,8,57.8,8,1009.9,8,999.9,0,1.2,8,1.4,8,5.1,999.9,94.6, ,60.8, ,0,I,999.9,0
42182099999,19-03-2009,28.584511,77.205783,214.88,"SAFDARJUNG, IN",77,8,59.9,8,1008.1,8,999.9,0,1.2,8,1.7,8,5.1,999.9,93.2, ,62.6, ,0,I,999.9,0
42182099999,20-03-2009,28.584511,77.205783,214.88,"SAFDARJUNG, IN",76.3,7,59.2,7,1008.8,7,999.9,0,1.2,7,3.1,7,8,999.9,91.8, ,63.7, ,0,I,999.9,0
42182099999,21-03-2009,28.584511,77.205783,214.88,"SAFDARJUNG, IN",75,9,58.2,9,1010.5,8,999.9,0,1.5,9,1.9,9,4.1,999.9,89.1, ,66, ,0,I,999.9,0
42182099999,22-03-2009,28.584511,77.205783,214.88,"SAFDARJUNG, IN",76.1,8,55.2,8,1011.2,8,999.9,0,1.2,8,1.9,8,4.1,40,90, ,62.1, ,0,I,999.9,0
42182099999,23-03-2009,28.584511,77.205783,214.88,"SAFDARJUNG, IN",78.1,8,53.4,8,1012,8,999.9,0,1.6,8,1.4,8,5.1,999.9,91.6, ,65.7, ,0,I,999.9,0
42182099999,24-03-2009,28.584511,77.205783,214.88,"SAFDARJUNG, IN",79.8,8,53.9,8,1010.7,8,999.9,0,1.4,8,3.6,8,9.9,999.9,94.1, ,64.6, ,0,E,999.9,10000
42182099999,25-03-2009,28.584511,77.205783,214.88,"SAFDARJUNG, IN",75,8,58.5,8,1010.2,8,999.9,0,1.2,8,2.4,8,5.1,999.9,94.1, ,67.5, ,0,G,999.9,10010
42182099999,26-03-2009,28.584511,77.205783,214.88,"SAFDARJUNG, IN",72.1,7,52.9,7,1009.9,7,999.9,0,1.4,7,1.4,7,4.1,999.9,86.7, ,61.3, ,0.02,G,999.9,0
42182099999,27-03-2009,28.584511,77.205783,214.88,"SAFDARJUNG, IN",71.5,8,57.9,8,1010.3,8,999.9,0,1.2,8,2.5,8,6,999.9,83.7, ,64.9, ,0,G,999.9,10000
42182099999,28-03-2009,28.584511,77.205783,214.88,"SAFDARJUNG, IN",74,8,61.7,8,1010.5,8,999.9,0,1.1,8,4.4,8,20,999.9,88.3, ,62.6, ,0.04,G,999.9,10010
42182099999,29-03-2009,28.584511,77.205783,214.88,"SAFDARJUNG, IN",74.5,8,65.9,8,1009.3,8,999.9,0,1,8,1,8,4.1,999.9,88.3, ,65.1, ,0.28,G,999.9,10010
42182099999,30-03-2009,28.584511,77.205783,214.88,"SAFDARJUNG, IN",76.4,8,57.2,8,1009.4,8,999.9,0,1.5,8,6,8,9.9,999.9,86.2, ,65.7, ,0.04,G,999.9,100000
42182099999,31-03-2009,28.584511,77.205783,214.88,"SAFDARJUNG, IN",77.7,8,51,8,1007.3,8,999.9,0,1.7,8,8.3,8,18.1,999.9,89.6, ,65.3, ,0,G,999.9,0
42182099999,01-04-2009,28.584511,77.205783,214.88,"SAFDARJUNG, IN",79.8,8,56.1,8,1007.2,8,999.9,0,1.6,8,5,8,14,999.9,92.7, ,65.7, ,0,I,999.9,0
42182099999,02-04-2009,28.584511,77.205783,214.88,"SAFDARJUNG, IN",80.8,8,58.8,8,1007.2,6,999.9,0,1.2,8,0.8,8,4.1,999.9,95.2, ,68.5, ,0,I,999.9,0
42182099999,03-04-2009,28.584511,77.205783,214.88,"SAFDARJUNG, IN",83.1,8,54.1,8,1008.1,8,999.9,0,1.2,8,2.4,8,7,999.9,96.8, ,70.7, ,99.99, ,999.9,10000
42182099999,04-04-2009,28.584511,77.205783,214.88,"SAFDARJUNG, IN",81.8,8,49.5,8,1008.4,8,999.9,0,1.7,8,6.5,8,13,999.9,93.6, ,67.3, ,0,I,999.9,0
42182099999,05-04-2009,28.584511,77.205783,214.88,"SAFDARJUNG, IN",80.6,8,49.1,8,1009.4,8,999.9,0,1.6,8,6.1,8,14,999.9,94.1, ,68.2, ,0,I,999.9,0
42182099999,06-04-2009,28.584511,77.205783,214.88,"SAFDARJUNG, IN",82.8,8,56.7,8,1007,8,999.9,0,1.6,8,3.5,8,9.9,999.9,95.7, ,68.9, ,0,I,999.9,0
42182099999,07-04-2009,28.584511,77.205783,214.88,"SAFDARJUNG, IN",82.8,8,51,8,1005.5,8,999.9,0,1.6,8,4.5,8,14,999.9,94.8, ,68.9, ,0,I,999.9,0
42182099999,08-04-2009,28.584511,77.205783,214.88,"SAFDARJUNG, IN",75,8,57.5,8,1006.9,8,999.9,0,1.4,8,7.6,8,14,999.9,86.7, ,66.9,*,0,G,999.9,10010
42182099999,09-04-2009,28.584511,77.205783,214.88,"SAFDARJUNG, IN",73.8,7,58.5,7,1011.8,7,999.9,0,1.6,7,3.9,7,6,999.9,84.9,*,63.3, ,0.12,G,999.9,0
42182099999,10-04-2009,28.584511,77.205783,214.88,"SAFDARJUNG, IN",75.9,8,51.5,8,1010.6,8,999.9,0,1.6,8,4.7,8,9.9,999.9,87.8, ,63.5, ,0,G,999.9,0
42182099999,11-04-2009,28.584511,77.205783,214.88,"SAFDARJUNG, IN",81.2,8,53.4,8,1007.5,8,999.9,0,1.7,8,5.3,8,9.9,999.9,93.4, ,67.3, ,0,I,999.9,0
42182099999,12-04-2009,28.584511,77.205783,214.88,"SAFDARJUNG, IN",83,8,57.3,8,1006.6,8,999.9,0,1.5,8,3.1,8,8.9,999.9,99.3, ,66.9, ,0,I,999.9,0
42182099999,13-04-2009,28.584511,77.205783,214.88,"SAFDARJUNG, IN",84.3,8,58.1,8,1004.4,8,999.9,0,1.4,8,4.9,8,14,999.9,99.5, ,69.4, ,0,I,999.9,0
42182099999,14-04-2009,28.584511,77.205783,214.88,"SAFDARJUNG, IN",87.9,8,56.8,8,1003.3,8,999.9,0,1.6,8,2.7,8,9.9,999.9,104.4, ,70.9, ,0,I,999.9,0
42182099999,15-04-2009,28.584511,77.205783,214.88,"SAFDARJUNG, IN",87.4,8,58.8,8,1004.1,8,999.9,0,1.2,8,2,8,6,999.9,104.2, ,70.5, ,0,I,999.9,0
42182099999,16-04-2009,28.584511,77.205783,214.88,"SAFDARJUNG, IN",87.4,8,57.4,8,1004.7,8,999.9,0,1.2,8,4.2,8,9.9,999.9,99.9, ,75.9, ,0,I,999.9,0
42182099999,17-04-2009,28.584511,77.205783,214.88,"SAFDARJUNG, IN",85.2,8,53,8,1004.2,8,999.9,0,1.7,8,6.1,8,12,999.9,96.8, ,73.6, ,0,I,999.9,0
42182099999,18-04-2009,28.584511,77.205783,214.88,"SAFDARJUNG, IN",88.9,8,48.8,8,1003.6,8,999.9,0,1.7,8,10.1,8,15.9,999.9,101.1, ,74.8, ,0,I,999.9,0
42182099999,19-04-2009,28.584511,77.205783,214.88,"SAFDARJUNG, IN",93.3,8,48,8,1003,8,999.9,0,1.4,8,10.5,8,19,999.9,105.1, ,79.3, ,0,I,999.9,0
42182099999,20-04-2009,28.584511,77.205783,214.88,"SAFDARJUNG, IN",91.4,8,54.8,8,999.9,8,999.9,0,1.2,8,4.8,8,13,999.9,107.1, ,79, ,0,I,999.9,0
42182099999,21-04-2009,28.584511,77.205783,214.88,"SAFDARJUNG, IN",92,8,52.5,8,998.6,8,999.9,0,1.2,8,5,8,9.9,999.9,104.9, ,80.6, ,0,I,999.9,0
42182099999,22-04-2009,28.584511,77.205783,214.88,"SAFDARJUNG, IN",88.5,8,45.9,8,1003.8,8,999.9,0,1.7,8,5.5,8,9.9,999.9,104.9, ,77.5, ,0,I,999.9,0
42182099999,23-04-2009,28.584511,77.205783,214.88,"SAFDARJUNG, IN",87.2,8,41.8,8,1007,8,999.9,0,1.4,8,6.1,8,12,999.9,99.7, ,74.7, ,0,I,999.9,0
42182099999,24-04-2009,28.584511,77.205783,214.88,"SAFDARJUNG, IN",85.1,8,45.8,8,1007.9,8,999.9,0,1.6,8,3.3,8,9.9,999.9,100.4, ,72.5, ,0,I,999.9,0
42182099999,25-04-2009,28.584511,77.205783,214.88,"SAFDARJUNG, IN",83.9,8,43.4,8,1009.4,8,999.9,0,1.7,8,4.1,8,9.9,999.9,99, ,70.3, ,0,I,999.9,0
42182099999,26-04-2009,28.584511,77.205783,214.88,"SAFDARJUNG, IN",85.4,7,45.2,7,1007.9,7,999.9,0,1.4,7,3.1,7,9.9,999.9,102.6, ,68.7, ,0,I,999.9,0
42182099999,27-04-2009,28.584511,77.205783,214.88,"SAFDARJUNG, IN",92.3,8,48.7,8,1005,8,999.9,0,1.2,8,6.8,8,14,999.9,106.7, ,74.3, ,0,I,999.9,0
42182099999,28-04-2009,28.584511,77.205783,214.88,"SAFDARJUNG, IN",94,8,51.4,8,1003.5,8,999.9,0,1.2,8,5.4,8,14,999.9,108, ,79, ,0,I,999.9,0
42182099999,29-04-2009,28.584511,77.205783,214.88,"SAFDARJUNG, IN",92.4,8,52.6,8,1004.1,8,999.9,0,1.6,8,4.1,8,9.9,999.9,110.3, ,75.9, ,0,I,999.9,0
42182099999,30-04-2009,28.584511,77.205783,214.88,"SAFDARJUNG, IN",92.5,8,52.9,8,1003.2,8,999.9,0,1.2,8,3.1,8,8,999.9,110.3, ,75.7, ,0,I,999.9,0
42182099999,01-05-2009,28.584511,77.205783,214.88,"SAFDARJUNG, IN",94.1,8,50,8,1002.4,8,999.9,0,1.2,8,2.9,8,6,999.9,111.6, ,76.6, ,0,I,999.9,0
42182099999,02-05-2009,28.584511,77.205783,214.88,"SAFDARJUNG, IN",93,8,55.2,8,1003.5,8,999.9,0,1,8,3.5,8,11.1,999.9,106.7, ,81.7, ,0,I,999.9,0
42182099999,03-05-2009,28.584511,77.205783,214.88,"SAFDARJUNG, IN",90,8,60.6,8,1005.1,8,999.9,0,1.2,8,3.7,8,9.9,999.9,102.9, ,79.3, ,0,I,999.9,0
42182099999,04-05-2009,28.584511,77.205783,214.88,"SAFDARJUNG, IN",90.4,7,61.9,7,1003.7,7,999.9,0,1.2,7,7.1,7,13,999.9,105.8, ,79.9,*,0,G,999.9,10010
42182099999,05-05-2009,28.584511,77.205783,214.88,"SAFDARJUNG, IN",85.8,8,62.9,8,1005.8,8,999.9,0,1.2,8,3.4,8,8,999.9,99.5, ,74.5, ,0.16,G,999.9,0
42182099999,06-05-2009,28.584511,77.205783,214.88,"SAFDARJUNG, IN",88.8,8,54.5,8,1007.1,8,999.9,0,1.7,8,5.6,8,11.1,999.9,98.8, ,77.4, ,0,G,999.9,0
42182099999,07-05-2009,28.584511,77.205783,214.88,"SAFDARJUNG, IN",87.9,8,55.1,7,1004.2,8,999.9,0,1.7,8,5.5,8,15,999.9,101.3, ,76.6, ,0,I,999.9,0
42182099999,08-05-2009,28.584511,77.205783,214.88,"SAFDARJUNG, IN",90.1,8,55.9,8,1002.8,8,999.9,0,1.4,8,3.1,8,8.9,999.9,104.5, ,73.8, ,0,I,999.9,0
42182099999,09-05-2009,28.584511,77.205783,214.88,"SAFDARJUNG, IN",91.2,8,57.4,8,1000.4,8,999.9,0,1.2,8,2.6,8,8,999.9,103.6, ,76.6, ,0,I,999.9,0
42182099999,10-05-2009,28.584511,77.205783,214.88,"SAFDARJUNG, IN",86.5,8,66.9,8,998.8,8,999.9,0,1.2,8,3,8,8.9,9.9,104.4, ,77.4, ,0.43,E,999.9,0
42182099999,11-05-2009,28.584511,77.205783,214.88,"SAFDARJUNG, IN",86.4,8,67.3,8,1000.6,8,999.9,0,1.6,8,3.5,8,9.9,999.9,99.5, ,74.1, ,0,I,999.9,0
42182099999,12-05-2009,28.584511,77.205783,214.88,"SAFDARJUNG, IN",86.3,8,64,8,1002.4,8,999.9,0,1.6,8,1.9,8,8,999.9,99.5, ,75.2, ,0,I,999.9,0
42182099999,13-05-2009,28.584511,77.205783,214.88,"SAFDARJUNG, IN",89.9,8,67.1,8,1000.1,8,999.9,0,1.6,8,5,8,8,999.9,103.3, ,76.6, ,0,I,999.9,0
42182099999,14-05-2009,28.584511,77.205783,214.88,"SAFDARJUNG, IN",91.9,8,66.3,8,998.1,8,999.9,0,1.7,8,4.4,8,8,999.9,105.4, ,78.6, ,0,I,999.9,0
42182099999,15-05-2009,28.584511,77.205783,214.88,"SAFDARJUNG, IN",92.6,8,67.8,8,999.5,8,999.9,0,1.6,8,7,8,14,999.9,105.1, ,82.4, ,0,I,999.9,0
42182099999,16-05-2009,28.584511,77.205783,214.88,"SAFDARJUNG, IN",93.1,8,71,8,1001.4,8,999.9,0,1.6,8,3.9,8,8,999.9,105.1, ,82.6, ,0,I,999.9,0
42182099999,17-05-2009,28.584511,77.205783,214.88,"SAFDARJUNG, IN",95.9,8,71.7,8,1001.7,8,999.9,0,1.7,8,2,8,5.1,999.9,108.3, ,84.7, ,0,I,999.9,0
42182099999,18-05-2009,28.584511,77.205783,214.88,"SAFDARJUNG, IN",95.6,8,71.3,8,1000.1,8,999.9,0,1.6,8,0.5,8,1.9,999.9,109.4, ,86.4, ,0,I,999.9,0
42182099999,19-05-2009,28.584511,77.205783,214.88,"SAFDARJUNG, IN",92.9,6,67.3,6,1000.3,6,999.9,0,1.4,6,3.2,6,6,999.9,109.8, ,81.7,*,0,I,999.9,0
42182099999,20-05-2009,28.584511,77.205783,214.88,"SAFDARJUNG, IN",92.1,8,65.8,8,1000.5,8,999.9,0,1.2,8,3.9,8,15,999.9,109.8, ,79.7, ,0,I,999.9,0
42182099999,21-05-2009,28.584511,77.205783,214.88,"SAFDARJUNG, IN",95.6,8,74,8,1000.2,8,999.9,0,1.2,8,2.4,8,5.1,999.9,107.2, ,83.5, ,0,I,999.9,0
42182099999,22-05-2009,28.584511,77.205783,214.88,"SAFDARJUNG, IN",91.1,8,67.3,8,999.6,8,999.9,0,1.2,8,3.9,8,15.9,999.9,107.6, ,85.3,*,0.04,E,999.9,10010
42182099999,23-05-2009,28.584511,77.205783,214.88,"SAFDARJUNG, IN",89.7,8,67.9,8,999.7,8,999.9,0,1.7,8,3.5,8,8,40,103.3, ,79.5, ,0.03,E,999.9,10010
42182099999,24-05-2009,28.584511,77.205783,214.88,"SAFDARJUNG, IN",88.5,8,64,8,998.6,8,999.9,0,1.7,8,3.4,8,8.9,40,103.3, ,77.2, ,0,I,999.9,0
42182099999,25-05-2009,28.584511,77.205783,214.88,"SAFDARJUNG, IN",87.2,8,67.3,8,996.7,8,999.9,0,1.7,8,3.2,8,13,999.9,99.9, ,76.3, ,0,I,999.9,10
42182099999,26-05-2009,28.584511,77.205783,214.88,"SAFDARJUNG, IN",89.1,8,59.9,8,995.4,8,999.9,0,1.7,8,3.6,8,13,999.9,101.7, ,77, ,0.2,G,999.9,0
42182099999,27-05-2009,28.584511,77.205783,214.88,"SAFDARJUNG, IN",94.5,8,63,8,997.7,8,999.9,0,1.6,8,0.6,8,1.9,999.9,107.2, ,76.5, ,0,G,999.9,0
42182099999,28-05-2009,28.584511,77.205783,214.88,"SAFDARJUNG, IN",94.3,8,70.9,8,998,8,999.9,0,1.2,8,3.6,8,8.9,999.9,107.2, ,83.8, ,0,I,999.9,0
42182099999,29-05-2009,28.584511,77.205783,214.88,"SAFDARJUNG, IN",88.2,8,68.1,8,1000.1,8,999.9,0,1.6,8,7,8,13,999.9,101.5, ,81,*,0,I,999.9,0
42182099999,30-05-2009,28.584511,77.205783,214.88,"SAFDARJUNG, IN",85.3,8,72.3,8,1001,8,999.9,0,1.7,8,5.5,8,14,999.9,95.4, ,71.6,*,0,I,999.9,0
42182099999,31-05-2009,28.584511,77.205783,214.88,"SAFDARJUNG, IN",84,8,76.9,8,1000.7,8,999.9,0,1.5,8,0.8,8,2.9,999.9,96.4, ,69.8, ,1.69,G,999.9,10010
42182099999,01-06-2009,28.584511,77.205783,214.88,"SAFDARJUNG, IN",86.8,8,75.1,8,1000.3,8,999.9,0,1.2,8,1.4,8,4.1,42.9,97.3, ,72.7, ,0.2,G,999.9,0
42182099999,02-06-2009,28.584511,77.205783,214.88,"SAFDARJUNG, IN",94.8,8,75.7,8,998,8,999.9,0,1.4,8,8.1,8,14,999.9,103.6, ,77.2, ,0,G,999.9,0
42182099999,03-06-2009,28.584511,77.205783,214.88,"SAFDARJUNG, IN",97.1,8,75.1,8,997.8,8,999.9,0,1.1,8,7.5,8,13,999.9,104.7, ,88.5, ,0,I,999.9,0
42182099999,04-06-2009,28.584511,77.205783,214.88,"SAFDARJUNG, IN",98.4,8,75.8,8,995.7,8,999.9,0,1.2,8,6.9,8,14,999.9,107.2, ,86, ,0,I,999.9,0
42182099999,05-06-2009,28.584511,77.205783,214.88,"SAFDARJUNG, IN",96.9,8,73,8,994.1,6,999.9,0,1.2,8,3.4,8,12,999.9,107.6, ,89.2, ,0.02,E,999.9,0
42182099999,06-06-2009,28.584511,77.205783,214.88,"SAFDARJUNG, IN",95.3,8,67.6,8,994.5,8,999.9,0,1.2,8,1.9,8,6,999.9,106.3, ,84.2, ,0,I,999.9,0
42182099999,07-06-2009,28.584511,77.205783,214.88,"SAFDARJUNG, IN",91.6,8,61.9,8,995.2,8,999.9,0,1.2,8,3.4,8,8,999.9,104.2, ,81,*,0,I,999.9,0
42182099999,08-06-2009,28.584511,77.205783,214.88,"SAFDARJUNG, IN",91.4,8,59.6,8,997,8,999.9,0,1.6,8,3.1,8,12,999.9,106.7, ,76.3, ,0,I,999.9,0
42182099999,09-06-2009,28.584511,77.205783,214.88,"SAFDARJUNG, IN",92,8,61.1,8,998.8,8,999.9,0,1.6,8,3.1,8,8,999.9,106.9, ,76.3, ,0,I,999.9,0
42182099999,10-06-2009,28.584511,77.205783,214.88,"SAFDARJUNG, IN",91.6,8,66.1,8,1000.1,8,999.9,0,1.2,8,5.5,8,9.9,999.9,106.9, ,78.1, ,0.08,E,999.9,10010
42182099999,11-06-2009,28.584511,77.205783,214.88,"SAFDARJUNG, IN",91.2,8,70.2,8,999.9,8,999.9,0,1.2,8,4.4,8,20,999.9,105.4, ,83.7, ,0.04,E,999.9,10010
42182099999,12-06-2009,28.584511,77.205783,214.88,"SAFDARJUNG, IN",94.2,8,68.9,8,999.3,8,999.9,0,1.2,8,4,8,13,999.9,107.2, ,81.5, ,0,I,999.9,0
42182099999,13-06-2009,28.584511,77.205783,214.88,"SAFDARJUNG, IN",94.3,8,69.1,8,1001.5,8,999.9,0,1.2,8,2.1,8,12,999.9,107.2, ,83.7, ,99.99, ,999.9,10010
42182099999,14-06-2009,28.584511,77.205783,214.88,"SAFDARJUNG, IN",91.8,8,63,8,1002.1,8,999.9,0,1.2,8,5.1,8,12,41,102.6, ,82, ,0.01,G,999.9,0
42182099999,15-06-2009,28.584511,77.205783,214.88,"SAFDARJUNG, IN",90.8,8,63.3,8,1000.4,8,999.9,0,1.3,8,7.2,8,22,999.9,100.4, ,79.7, ,0,G,999.9,0
42182099999,16-06-2009,28.584511,77.205783,214.88,"SAFDARJUNG, IN",86.5,4,63,4,1001.5,4,999.9,0,1.6,4,5.7,4,9.9,999.9,96.8,*,77, ,0,I,999.9,0
42182099999,17-06-2009,28.584511,77.205783,214.88,"SAFDARJUNG, IN",93.7,4,59.8,4,1000.7,4,999.9,0,1.9,4,6.5,4,12,999.9,101.5,*,87.4,*,0,I,999.9,0
42182099999,18-06-2009,28.584511,77.205783,214.88,"SAFDARJUNG, IN",90.9,5,62.5,5,999.2,5,999.9,0,1.5,5,3.2,5,9.9,999.9,103.5, ,80.6, ,0,I,999.9,0
42182099999,19-06-2009,28.584511,77.205783,214.88,"SAFDARJUNG, IN",95.4,7,62.6,7,998.9,7,999.9,0,1.2,7,5.6,7,14,999.9,106, ,82.4, ,0,I,999.9,0
42182099999,20-06-2009,28.584511,77.205783,214.88,"SAFDARJUNG, IN",95.9,8,60.8,8,998.7,8,999.9,0,1.4,8,5,8,12,999.9,107.4, ,82, ,0,I,999.9,0
42182099999,21-06-2009,28.584511,77.205783,214.88,"SAFDARJUNG, IN",96.5,8,57,8,997.7,8,999.9,0,1.6,8,5.8,8,13,999.9,109.4, ,83.8, ,0,I,999.9,0
42182099999,22-06-2009,28.584511,77.205783,214.88,"SAFDARJUNG, IN",98,8,56.8,8,996.9,8,999.9,0,1.6,8,7.2,8,15.9,999.9,110.5, ,84.6, ,0,I,999.9,0
42182099999,23-06-2009,28.584511,77.205783,214.88,"SAFDARJUNG, IN",100.5,7,61.1,7,996.5,7,999.9,0,1.8,7,7.7,7,11.1,999.9,110.7, ,89.4, ,0,I,999.9,0
42182099999,24-06-2009,28.584511,77.205783,214.88,"SAFDARJUNG, IN",98.3,8,62.4,8,997.1,8,999.9,0,1.6,8,5.9,8,14,999.9,111, ,88.5,*,0,I,999.9,0
42182099999,25-06-2009,28.584511,77.205783,214.88,"SAFDARJUNG, IN",97.7,7,69.7,7,997.9,7,999.9,0,1.3,7,2.7,7,8,999.9,111, ,87.8, ,0,I,999.9,0
42182099999,26-06-2009,28.584511,77.205783,214.88,"SAFDARJUNG, IN",100.8,5,70.2,5,996.4,5,999.9,0,2,5,5.2,5,8,999.9,108.7, ,88.5, ,0,I,999.9,0
42182099999,27-06-2009,28.584511,77.205783,214.88,"SAFDARJUNG, IN",101.4,6,71.5,6,995.1,6,999.9,0,1.2,6,5.2,6,8.9,999.9,110.7, ,88.9, ,0,I,999.9,0
42182099999,28-06-2009,28.584511,77.205783,214.88,"SAFDARJUNG, IN",95,8,76.1,8,995,8,999.9,0,1.6,8,6.6,8,12,999.9,110.7, ,87.8,*,0.16,E,999.9,0
42182099999,29-06-2009,28.584511,77.205783,214.88,"SAFDARJUNG, IN",91.9,8,75,8,997,8,999.9,0,1.2,8,2.4,8,6,999.9,107.2, ,84.2,*,0.04,E,999.9,10
42182099999,30-06-2009,28.584511,77.205783,214.88,"SAFDARJUNG, IN",86.9,8,74.7,8,997.6,8,999.9,0,1.2,8,5.5,8,13,36.9,99.9, ,77, ,0.28,G,999.9,10010
42182099999,01-07-2009,28.584511,77.205783,214.88,"SAFDARJUNG, IN",87.3,8,76.8,8,998.5,8,999.9,0,1.2,8,3,8,14,36.9,96.3, ,77.2, ,0.31,G,999.9,10
42182099999,02-07-2009,28.584511,77.205783,214.88,"SAFDARJUNG, IN",84.3,8,72.9,8,997.3,8,999.9,0,1.2,8,2.9,8,9.9,999.9,93, ,75.2, ,0.12,G,999.9,10010
42182099999,03-07-2009,28.584511,77.205783,214.88,"SAFDARJUNG, IN",88.1,8,73.8,8,996.6,8,999.9,0,1.2,8,0.2,8,1.9,999.9,99, ,78.8, ,0,G,999.9,10
42182099999,04-07-2009,28.584511,77.205783,214.88,"SAFDARJUNG, IN",89.9,8,77,8,997.1,8,999.9,0,1.2,8,1.7,8,8,999.9,98.1, ,82.8, ,0,I,999.9,0
42182099999,05-07-2009,28.584511,77.205783,214.88,"SAFDARJUNG, IN",92,8,73.3,8,996.8,8,999.9,0,1.2,8,1.5,8,4.1,999.9,103.1, ,81.9, ,0,I,999.9,0
42182099999,06-07-2009,28.584511,77.205783,214.88,"SAFDARJUNG, IN",93.2,8,70.5,8,996.2,8,999.9,0,1.6,8,1.3,8,4.1,999.9,106.5, ,80.6, ,0,I,999.9,0
42182099999,07-07-2009,28.584511,77.205783,214.88,"SAFDARJUNG, IN",95.4,8,74.5,8,995.4,8,999.9,0,1.6,8,1.7,8,8,999.9,106.5, ,84.2, ,0,I,999.9,0
42182099999,08-07-2009,28.584511,77.205783,214.88,"SAFDARJUNG, IN",95.8,8,77.3,8,996.1,8,999.9,0,1.4,8,5.5,8,12,999.9,105.1, ,87.4, ,0,I,999.9,0
42182099999,09-07-2009,28.584511,77.205783,214.88,"SAFDARJUNG, IN",91,8,78.1,8,997.8,8,999.9,0,1.4,8,5.4,8,13,999.9,99, ,85.1, ,0,I,999.9,0
42182099999,10-07-2009,28.584511,77.205783,214.88,"SAFDARJUNG, IN",87.9,8,79.9,8,998.5,8,999.9,0,1.2,8,2.1,8,6,999.9,94.1, ,85.5, ,0,G,999.9,10000
42182099999,11-07-2009,28.584511,77.205783,214.88,"SAFDARJUNG, IN",92.1,7,80.1,7,998.2,7,999.9,0,1.2,7,2.9,7,5.1,999.9,100.8, ,84.4, ,0,G,999.9,0
42182099999,12-07-2009,28.584511,77.205783,214.88,"SAFDARJUNG, IN",92.3,8,78.5,8,995.5,8,999.9,0,1.2,8,1.2,8,4.1,999.9,102.2, ,85.1, ,0,I,999.9,0
42182099999,13-07-2009,28.584511,77.205783,214.88,"SAFDARJUNG, IN",87.6,8,79.7,8,996,8,999.9,0,1.2,8,2.7,8,4.1,999.9,94.3, ,83.5, ,0.08,G,999.9,10000
42182099999,14-07-2009,28.584511,77.205783,214.88,"SAFDARJUNG, IN",88.6,8,77.6,8,995.9,8,999.9,0,1.4,8,1.4,8,8,999.9,99.5, ,81.5, ,0,G,999.9,0
42182099999,15-07-2009,28.584511,77.205783,214.88,"SAFDARJUNG, IN",84.9,8,79,8,996.4,8,999.9,0,1.2,8,1.4,8,6,999.9,99.5, ,79.2,*,0.24,E,999.9,10010
42182099999,16-07-2009,28.584511,77.205783,214.88,"SAFDARJUNG, IN",92.2,8,78.4,8,996.8,8,999.9,0,1.7,8,2.8,8,8,999.9,101.1, ,77.4, ,0,I,999.9,0
42182099999,17-07-2009,28.584511,77.205783,214.88,"SAFDARJUNG, IN",92.7,8,78.4,8,995.3,8,999.9,0,1.9,8,7,8,11.1,999.9,101.1, ,85.1, ,0,I,999.9,0
42182099999,18-07-2009,28.584511,77.205783,214.88,"SAFDARJUNG, IN",91.7,8,77.5,8,997.5,8,999.9,0,1.6,8,3.4,8,6,999.9,99.1, ,83.8, ,0,I,999.9,0
42182099999,19-07-2009,28.584511,77.205783,214.88,"SAFDARJUNG, IN",92.8,7,77.5,7,996.6,6,999.9,0,1.6,7,0.8,7,2.9,999.9,100.4, ,85.3, ,0,I,999.9,0
42182099999,20-07-2009,28.584511,77.205783,214.88,"SAFDARJUNG, IN",91.5,8,77.6,8,997.3,8,999.9,0,1.7,8,2,8,4.1,999.9,97.3, ,87.8,*,0.01,G,999.9,0
42182099999,21-07-2009,28.584511,77.205783,214.88,"SAFDARJUNG, IN",89.4,8,78.1,8,998.5,8,999.9,0,1.2,8,0.5,8,4.1,999.9,98.6, ,84.7, ,0,G,999.9,0
42182099999,22-07-2009,28.584511,77.205783,214.88,"SAFDARJUNG, IN",89.9,8,79.7,8,997.9,8,999.9,0,1.4,8,2.5,8,8.9,999.9,101.3, ,84, ,0.08,E,999.9,10000
42182099999,23-07-2009,28.584511,77.205783,214.88,"SAFDARJUNG, IN",84.9,7,78.5,7,997.8,7,999.9,0,1.4,7,5.3,7,9.9,999.9,99.5, ,80.6,*,0.55,E,999.9,10010
42182099999,24-07-2009,28.584511,77.205783,214.88,"SAFDARJUNG, IN",87.3,7,77.4,7,999.3,7,999.9,0,1.2,7,6.2,7,11.1,999.9,93.4, ,79.3, ,0.02,E,999.9,0
42182099999,25-07-2009,28.584511,77.205783,214.88,"SAFDARJUNG, IN",89.2,8,77.9,8,997.8,8,999.9,0,1.2,8,0.8,8,4.1,999.9,96.3, ,80.8, ,0,I,999.9,0
42182099999,26-07-2009,28.584511,77.205783,214.88,"SAFDARJUNG, IN",92.5,8,78.9,8,994.4,8,999.9,0,1.9,8,2.4,8,9.9,999.9,99.9, ,83.5, ,0,I,999.9,0
42182099999,27-07-2009,28.584511,77.205783,214.88,"SAFDARJUNG, IN",84.8,8,77.9,8,994.4,8,999.9,0,1.2,8,6.4,8,14,999.9,99.9, ,77,*,2.72,E,999.9,10010
42182099999,28-07-2009,28.584511,77.205783,214.88,"SAFDARJUNG, IN",85.2,8,78.2,8,995.8,8,999.9,0,1.2,8,1.2,8,8,999.9,92.1, ,74.5, ,0,I,999.9,0
42182099999,29-07-2009,28.584511,77.205783,214.88,"SAFDARJUNG, IN",86.2,8,75.8,8,998.2,8,999.9,0,1.2,8,2.5,8,9.9,999.9,94.6, ,80.2, ,0.02,E,999.9,0
42182099999,30-07-2009,28.584511,77.205783,214.88,"SAFDARJUNG, IN",90.1,8,76.1,8,999.1,8,999.9,0,1.6,8,4.4,8,11.1,999.9,96.4, ,81.3, ,0,I,999.9,0
42182099999,31-07-2009,28.584511,77.205783,214.88,"SAFDARJUNG, IN",91.4,8,75.5,8,998.1,8,999.9,0,1.6,8,6.4,8,13,999.9,97.5, ,81.7, ,0,I,999.9,0
42182099999,01-08-2009,28.584511,77.205783,214.88,"SAFDARJUNG, IN",90.6,8,76.6,8,998.2,8,999.9,0,1.7,8,5.7,8,14,999.9,97.7, ,83.5, ,0,I,999.9,10
42182099999,02-08-2009,28.584511,77.205783,214.88,"SAFDARJUNG, IN",91.1,8,77.3,8,998.5,8,999.9,0,1.7,8,4.5,8,11.1,999.9,98.6, ,84.7, ,0,I,999.9,0
42182099999,03-08-2009,28.584511,77.205783,214.88,"SAFDARJUNG, IN",92.3,8,78.3,8,997.5,8,999.9,0,1.7,8,5.1,8,11.1,999.9,99.3, ,82.4, ,0.08,G,999.9,0
42182099999,04-08-2009,28.584511,77.205783,214.88,"SAFDARJUNG, IN",92.7,8,78.2,8,997,8,999.9,0,1.7,8,4.8,8,11.1,999.9,99.3, ,86.4, ,0,G,999.9,0
42182099999,05-08-2009,28.584511,77.205783,214.88,"SAFDARJUNG, IN",90.6,8,78,8,996.3,8,999.9,0,1.2,8,4.2,8,11.1,999.9,98.4, ,85.3, ,0,I,999.9,0
42182099999,06-08-2009,28.584511,77.205783,214.88,"SAFDARJUNG, IN",91.4,8,78.3,8,996.7,8,999.9,0,1.4,8,3.4,8,8,999.9,97.7, ,85.8, ,0,I,999.9,0
42182099999,07-08-2009,28.584511,77.205783,214.88,"SAFDARJUNG, IN",92.2,8,76.5,8,997.4,8,999.9,0,1.9,8,4.8,8,13,999.9,99.5, ,86.9, ,0,I,999.9,0
42182099999,08-08-2009,28.584511,77.205783,214.88,"SAFDARJUNG, IN",91.5,8,78.1,8,997,8,999.9,0,1.7,8,3,8,9.9,999.9,99.5, ,79.2, ,0.12,G,999.9,0
42182099999,09-08-2009,28.584511,77.205783,214.88,"SAFDARJUNG, IN",93,8,77.9,8,996.7,8,999.9,0,1.7,8,3.1,8,9.9,999.9,99.7, ,87.3, ,0,G,999.9,0
42182099999,10-08-2009,28.584511,77.205783,214.88,"SAFDARJUNG, IN",91.8,8,79.3,8,998.1,8,999.9,0,1.6,8,1.7,8,6,999.9,99.5, ,80.8, ,0.35,G,999.9,0
42182099999,11-08-2009,28.584511,77.205783,214.88,"SAFDARJUNG, IN",83.8,8,80.9,8,1001.7,8,999.9,0,1,8,1.7,8,8,999.9,96.1, ,78.4,*,0,G,999.9,10000
42182099999,12-08-2009,28.584511,77.205783,214.88,"SAFDARJUNG, IN",90.6,8,81.7,8,999.8,8,999.9,0,1.2,8,0.4,8,1.9,999.9,97.7, ,80.8, ,1.73,G,999.9,0
42182099999,13-08-2009,28.584511,77.205783,214.88,"SAFDARJUNG, IN",89.8,8,79.1,8,999.5,8,999.9,0,1.2,8,3.6,8,6,999.9,97.7, ,84.2,*,0,G,999.9,0
42182099999,14-08-2009,28.584511,77.205783,214.88,"SAFDARJUNG, IN",85.2,8,77.8,8,1001.5,8,999.9,0,1.2,8,3.6,8,8,999.9,93.2, ,79.7, ,0.28,G,999.9,10010
42182099999,15-08-2009,28.584511,77.205783,214.88,"SAFDARJUNG, IN",81.3,8,77.9,8,1002.3,8,999.9,0,1.2,8,0,8,999.9,999.9,93.2, ,78.1,*,0.2,G,999.9,10000
42182099999,16-08-2009,28.584511,77.205783,214.88,"SAFDARJUNG, IN",80.8,8,78,8,1001.5,8,999.9,0,1.1,8,3.1,8,6,999.9,86.9, ,77.7,*,0.55,G,999.9,10000
42182099999,17-08-2009,28.584511,77.205783,214.88,"SAFDARJUNG, IN",83,8,78.3,8,1002.6,8,999.9,0,1.2,8,2.2,8,4.1,999.9,88.9, ,77, ,0.51,G,999.9,0
42182099999,18-08-2009,28.584511,77.205783,214.88,"SAFDARJUNG, IN",88,8,78.8,8,1002.3,8,999.9,0,1.7,8,5.5,8,14,999.9,96.1, ,77.9, ,0.08,G,999.9,0
42182099999,19-08-2009,28.584511,77.205783,214.88,"SAFDARJUNG, IN",87.8,8,79,8,1004.2,8,999.9,0,1.2,8,2.8,8,8,999.9,95.7, ,82.4, ,0,G,999.9,0
42182099999,20-08-2009,28.584511,77.205783,214.88,"SAFDARJUNG, IN",87.9,8,76,8,1003.1,8,999.9,0,1.6,8,4,8,8.9,999.9,98.2, ,82.4, ,0,I,999.9,0
42182099999,21-08-2009,28.584511,77.205783,214.88,"SAFDARJUNG, IN",82.1,8,74.5,8,1002.7,8,999.9,0,1.6,8,2.1,8,8.9,999.9,97.7, ,71.6,*,2.91,E,999.9,10010
42182099999,22-08-2009,28.584511,77.205783,214.88,"SAFDARJUNG, IN",86.5,8,74.9,8,1001,8,999.9,0,1.7,8,2.5,8,8,999.9,95.9, ,71.1, ,0,I,999.9,0
42182099999,23-08-2009,28.584511,77.205783,214.88,"SAFDARJUNG, IN",88.6,8,76.9,8,1000.9,7,999.9,0,1.7,8,2.9,8,8.9,999.9,97.3, ,79.7, ,0,I,999.9,0
42182099999,24-08-2009,28.584511,77.205783,214.88,"SAFDARJUNG, IN",90,8,75.3,8,1002.1,8,999.9,0,1.6,8,2.2,8,6,999.9,98.6, ,82.6, ,0,I,999.9,0
42182099999,25-08-2009,28.584511,77.205783,214.88,"SAFDARJUNG, IN",83.8,8,78.4,8,1003.6,8,999.9,0,1.1,8,1.5,8,4.1,999.9,89.4, ,77.7, ,0.28,G,999.9,10110
42182099999,26-08-2009,28.584511,77.205783,214.88,"SAFDARJUNG, IN",82.6,8,77.2,8,1003.5,8,999.9,0,1.2,8,1.4,8,4.1,999.9,91.4, ,78.8, ,0.04,G,999.9,10
42182099999,27-08-2009,28.584511,77.205783,214.88,"SAFDARJUNG, IN",83,7,76.2,7,1003.3,7,999.9,0,1.2,7,1.1,7,4.1,999.9,93.6, ,78.8, ,0.16,G,999.9,0
42182099999,28-08-2009,28.584511,77.205783,214.88,"SAFDARJUNG, IN",86.9,8,77.1,8,1004.5,8,999.9,0,1.7,8,3.5,8,8.9,999.9,95, ,78.8, ,0,G,999.9,0
42182099999,29-08-2009,28.584511,77.205783,214.88,"SAFDARJUNG, IN",88.4,8,77.5,8,1003.4,8,999.9,0,1.7,8,4.9,8,8,999.9,95.9, ,81, ,0,I,999.9,0
42182099999,30-08-2009,28.584511,77.205783,214.88,"SAFDARJUNG, IN",83.6,8,79.7,8,1004.3,8,999.9,0,1.2,8,1.4,8,4.1,999.9,89.4, ,78.3, ,0.75,G,999.9,10010
42182099999,31-08-2009,28.584511,77.205783,214.88,"SAFDARJUNG, IN",87.3,8,78.4,8,1005.3,8,999.9,0,1.7,8,1.6,8,4.1,999.9,95, ,80.6, ,0.55,G,999.9,0
42182099999,01-09-2009,28.584511,77.205783,214.88,"SAFDARJUNG, IN",86.5,8,79.5,8,1004,8,999.9,0,1.2,8,0.4,8,2.9,999.9,95.5, ,82.6, ,0,G,999.9,10000
42182099999,02-09-2009,28.584511,77.205783,214.88,"SAFDARJUNG, IN",85.4,7,78.6,7,1001.9,7,999.9,0,1.2,7,1,7,2.9,999.9,94.6, ,80.2,*,0.31,G,999.9,10000
42182099999,03-09-2009,28.584511,77.205783,214.88,"SAFDARJUNG, IN",83.4,8,77.4,8,1001.3,8,999.9,0,1.2,8,3.1,8,8.9,999.9,94.6, ,75.9,*,0.31,G,999.9,10010
42182099999,04-09-2009,28.584511,77.205783,214.88,"SAFDARJUNG, IN",82.7,7,76.3,7,1001.4,7,999.9,0,1.2,7,1.6,7,6,999.9,89.2, ,73.9, ,1.1,G,999.9,0
42182099999,05-09-2009,28.584511,77.205783,214.88,"SAFDARJUNG, IN",83,7,75.8,7,1000.5,7,999.9,0,1.2,7,1.1,7,2.9,999.9,90.3, ,78.6, ,0,G,999.9,0
42182099999,06-09-2009,28.584511,77.205783,214.88,"SAFDARJUNG, IN",83.7,8,73.3,8,1000.1,8,999.9,0,1.2,8,1.6,8,4.1,999.9,93, ,77, ,0,I,999.9,0
42182099999,07-09-2009,28.584511,77.205783,214.88,"SAFDARJUNG, IN",84.1,8,72.5,8,1001.4,8,999.9,0,1.7,8,1.7,8,6,999.9,92.8, ,74.5, ,0,I,999.9,0
42182099999,08-09-2009,28.584511,77.205783,214.88,"SAFDARJUNG, IN",82.9,8,74.8,8,1002.6,8,999.9,0,1.4,8,2.5,8,8,999.9,91.8, ,78.1,*,99.99, ,999.9,10000
42182099999,09-09-2009,28.584511,77.205783,214.88,"SAFDARJUNG, IN",81.3,8,75.5,8,1002.1,8,999.9,0,1.2,8,2.5,8,6,999.9,91.8, ,76.1, ,0.16,G,999.9,10010
42182099999,10-09-2009,28.584511,77.205783,214.88,"SAFDARJUNG, IN",76.9,8,75.9,8,1001,8,999.9,0,0.9,8,3.7,8,8.9,999.9,79.5, ,73.9, ,3.7,G,999.9,10010
42182099999,11-09-2009,28.584511,77.205783,214.88,"SAFDARJUNG, IN",75.6,8,74.5,8,1002.2,8,999.9,0,0.8,8,3,8,6,999.9,78.6, ,73.4,*,1.5,G,999.9,10000
42182099999,12-09-2009,28.584511,77.205783,214.88,"SAFDARJUNG, IN",75.6,8,73.1,8,1007.6,8,999.9,0,0.8,8,2.5,8,8,999.9,78.8, ,72.5, ,0.43,G,999.9,10000
42182099999,13-09-2009,28.584511,77.205783,214.88,"SAFDARJUNG, IN",81.1,7,76.2,7,1006.9,7,999.9,0,1.1,7,1.9,7,5.1,999.9,88.9,*,73.8, ,0.01,G,999.9,0
42182099999,14-09-2009,28.584511,77.205783,214.88,"SAFDARJUNG, IN",83.3,8,75.8,8,1005.8,8,999.9,0,1.4,8,2.5,8,9.9,999.9,94.1, ,75.6, ,0,G,999.9,0
42182099999,15-09-2009,28.584511,77.205783,214.88,"SAFDARJUNG, IN",82.3,7,71.1,7,1004.2,7,999.9,0,1.6,7,3.6,7,12,999.9,92.5,*,73.4, ,0,I,999.9,0
42182099999,16-09-2009,28.584511,77.205783,214.88,"SAFDARJUNG, IN",85.4,7,74,7,1004.7,7,999.9,0,1.8,7,4.7,7,13,999.9,93.4, ,74.7, ,0,I,999.9,0
42182099999,17-09-2009,28.584511,77.205783,214.88,"SAFDARJUNG, IN",84.7,8,71.7,8,1006.4,8,999.9,0,1.6,8,2.4,8,8,999.9,95.2, ,76.3, ,0,I,999.9,0
42182099999,18-09-2009,28.584511,77.205783,214.88,"SAFDARJUNG, IN",80.4,5,74.4,5,1007.1,5,999.9,0,1.2,5,0.6,5,2.9,999.9,84.6,*,76.5, ,0,I,999.9,0
42182099999,19-09-2009,28.584511,77.205783,214.88,"SAFDARJUNG, IN",85.5,8,73,8,1006.1,8,999.9,0,1.7,8,0.5,8,4.1,999.9,96.8, ,75.9, ,0,I,999.9,0
42182099999,20-09-2009,28.584511,77.205783,214.88,"SAFDARJUNG, IN",87.1,8,75,8,1005.1,8,999.9,0,1.6,8,0.2,8,1.9,999.9,98.1, ,76.6, ,0,I,999.9,0
42182099999,21-09-2009,28.584511,77.205783,214.88,"SAFDARJUNG, IN",88,7,76,7,1004.8,7,999.9,0,1.6,7,1.7,7,4.1,999.9,98.4, ,80.8, ,0,I,999.9,0
42182099999,22-09-2009,28.584511,77.205783,214.88,"SAFDARJUNG, IN",89.5,9,78.3,9,1004,8,999.9,0,1.3,9,0.9,9,4.1,999.9,98.4, ,80.6, ,0,I,999.9,0
42182099999,23-09-2009,28.584511,77.205783,214.88,"SAFDARJUNG, IN",87.9,8,74,8,1003.9,8,999.9,0,1.7,8,1.9,8,8,999.9,99, ,80.8, ,0,I,999.9,0
42182099999,24-09-2009,28.584511,77.205783,214.88,"SAFDARJUNG, IN",86.8,8,69.4,8,1004.1,8,999.9,0,1.7,8,3.6,8,12,999.9,98.1, ,79, ,0,I,999.9,0
42182099999,25-09-2009,28.584511,77.205783,214.88,"SAFDARJUNG, IN",86.3,8,72.2,8,1004.6,8,999.9,0,1.6,8,3.8,8,8,999.9,99, ,77.7, ,0,I,999.9,0
42182099999,26-09-2009,28.584511,77.205783,214.88,"SAFDARJUNG, IN",86.6,8,71.8,8,1005.9,8,999.9,0,1.7,8,2.1,8,8,999.9,95.9, ,78.8, ,0,I,999.9,0
42182099999,27-09-2009,28.584511,77.205783,214.88,"SAFDARJUNG, IN",86.7,7,72.1,7,1005.4,7,999.9,0,1.6,7,1.9,7,6,999.9,96.8, ,78.8, ,0,I,999.9,0
42182099999,28-09-2009,28.584511,77.205783,214.88,"SAFDARJUNG, IN",85.6,8,71,8,1004.9,8,999.9,0,1.7,8,2.2,8,8,999.9,96.8, ,75.2, ,0,I,999.9,0
42182099999,29-09-2009,28.584511,77.205783,214.88,"SAFDARJUNG, IN",87.3,7,74.7,7,1004.7,7,999.9,0,1.2,7,1.1,7,1.9,999.9,96.8, ,78.1, ,0,I,999.9,0
42182099999,30-09-2009,28.584511,77.205783,214.88,"SAFDARJUNG, IN",86.4,9,74.8,9,1004.9,8,999.9,0,1.2,9,0.1,9,1,999.9,99, ,78.8, ,0,I,999.9,0
42182099999,01-10-2009,28.584511,77.205783,214.88,"SAFDARJUNG, IN",89.2,8,76.9,8,1005.7,8,999.9,0,1.2,8,2.1,8,6,999.9,98.6, ,79.7, ,0,I,999.9,0
42182099999,02-10-2009,28.584511,77.205783,214.88,"SAFDARJUNG, IN",88.7,8,74.9,8,1006.4,8,999.9,0,1.6,8,1.2,8,4.1,999.9,99.3, ,81.5, ,0,I,999.9,0
42182099999,03-10-2009,28.584511,77.205783,214.88,"SAFDARJUNG, IN",87,8,72.4,8,1005.1,8,999.9,0,1.6,8,2.4,8,5.1,999.9,99.3, ,79.2, ,0,I,999.9,0
42182099999,04-10-2009,28.584511,77.205783,214.88,"SAFDARJUNG, IN",78.3,8,71.9,8,1006.8,8,999.9,0,1.2,8,2.7,8,8,999.9,84.9, ,75.2,*,0.08,E,999.9,10000
42182099999,05-10-2009,28.584511,77.205783,214.88,"SAFDARJUNG, IN",76.9,8,73.2,8,1005.6,8,999.9,0,1.2,8,1.5,8,5.1,999.9,81.9, ,73.4,*,0.08,E,999.9,10000
42182099999,06-10-2009,28.584511,77.205783,214.88,"SAFDARJUNG, IN",78.3,8,72,8,1004.2,8,999.9,0,1.2,8,1.5,8,5.1,999.9,86.9, ,72.7, ,99.99, ,999.9,10000
42182099999,07-10-2009,28.584511,77.205783,214.88,"SAFDARJUNG, IN",79.4,8,68.7,8,1002.9,8,999.9,0,1.2,8,1.6,8,6,999.9,91.4, ,70.9, ,0,I,999.9,0
42182099999,08-10-2009,28.584511,77.205783,214.88,"SAFDARJUNG, IN",80.2,8,64.1,8,1003.3,8,999.9,0,1.6,8,1.5,8,6,999.9,96.1, ,68, ,0,I,999.9,0
42182099999,09-10-2009,28.584511,77.205783,214.88,"SAFDARJUNG, IN",80.6,8,60.6,8,1004.8,8,999.9,0,1.6,8,2.4,8,11.1,999.9,96.6, ,68, ,0,I,999.9,0
42182099999,10-10-2009,28.584511,77.205783,214.88,"SAFDARJUNG, IN",82.2,8,61.9,8,1007.5,8,999.9,0,1.7,8,1.1,8,5.1,999.9,97, ,68.2, ,0,I,999.9,0
42182099999,11-10-2009,28.584511,77.205783,214.88,"SAFDARJUNG, IN",80.6,8,62.6,8,1009.7,8,999.9,0,1.6,8,0.5,8,1.9,999.9,95.9, ,69.6, ,0,I,999.9,0
42182099999,12-10-2009,28.584511,77.205783,214.88,"SAFDARJUNG, IN",78.8,8,60.7,8,1011.3,8,999.9,0,1.2,8,0.6,8,2.9,999.9,93.9, ,67.3, ,0,I,999.9,0
42182099999,13-10-2009,28.584511,77.205783,214.88,"SAFDARJUNG, IN",77.9,8,61.1,8,1011.8,8,999.9,0,1.2,8,0.9,8,4.1,999.9,92.1, ,65.8, ,0,I,999.9,0
42182099999,14-10-2009,28.584511,77.205783,214.88,"SAFDARJUNG, IN",79.5,8,62,8,1012.1,8,999.9,0,1.2,8,0.4,8,2.9,999.9,93, ,67.1, ,0,I,999.9,0
42182099999,15-10-2009,28.584511,77.205783,214.88,"SAFDARJUNG, IN",80.2,8,62.8,8,1012.2,8,999.9,0,1,8,0.6,8,2.9,999.9,93, ,71.1, ,0,I,999.9,0
42182099999,16-10-2009,28.584511,77.205783,214.88,"SAFDARJUNG, IN",77.4,8,61.9,8,1011.7,8,999.9,0,1,8,1.6,8,4.1,999.9,90, ,69.8, ,0,I,999.9,0
42182099999,17-10-2009,28.584511,77.205783,214.88,"SAFDARJUNG, IN",76.6,8,58.4,8,1009.7,8,999.9,0,1.2,8,2.3,8,6,999.9,91.4, ,67.1, ,0,I,999.9,0
42182099999,18-10-2009,28.584511,77.205783,214.88,"SAFDARJUNG, IN",72.8,7,60.2,6,1009.4,7,999.9,0,1.1,7,1.3,7,6,999.9,91.4, ,54.5,*,0,I,999.9,0
42182099999,19-10-2009,28.584511,77.205783,214.88,"SAFDARJUNG, IN",75.7,8,57.4,8,1010.7,8,999.9,0,1,8,1.4,8,4.1,999.9,91.4, ,66.6,*,0,I,999.9,0
42182099999,20-10-2009,28.584511,77.205783,214.88,"SAFDARJUNG, IN",74.2,8,54.3,8,1011.5,8,999.9,0,1.2,8,2.4,8,8,999.9,90.3, ,62.6,*,0,I,999.9,0
42182099999,21-10-2009,28.584511,77.205783,214.88,"SAFDARJUNG, IN",74.8,8,53.7,8,1012.9,8,999.9,0,1.2,8,1.6,8,6,999.9,90.9, ,63, ,0,I,999.9,0
42182099999,22-10-2009,28.584511,77.205783,214.88,"SAFDARJUNG, IN",73.7,8,53.3,8,1013.8,8,999.9,0,1.2,8,1.1,8,4.1,999.9,91.4, ,61.5, ,0,I,999.9,0
42182099999,23-10-2009,28.584511,77.205783,214.88,"SAFDARJUNG, IN",72.5,8,52,8,1012.7,8,999.9,0,1.1,8,2.4,8,8,999.9,91.4, ,60.4, ,0,I,999.9,0
42182099999,24-10-2009,28.584511,77.205783,214.88,"SAFDARJUNG, IN",71.2,8,50.3,8,1011.7,8,999.9,0,1.2,8,2.1,8,8,999.9,87.1, ,58.3, ,0,I,999.9,0
42182099999,25-10-2009,28.584511,77.205783,214.88,"SAFDARJUNG, IN",70.3,8,50.1,8,1013,8,999.9,0,1.1,8,0.7,8,2.9,999.9,88.5, ,56.8, ,0,I,999.9,0
42182099999,26-10-2009,28.584511,77.205783,214.88,"SAFDARJUNG, IN",70.7,7,47.5,7,1014.1,7,999.9,0,1.2,7,1.6,7,5.1,999.9,87.8, ,56.3, ,0,I,999.9,0
42182099999,27-10-2009,28.584511,77.205783,214.88,"SAFDARJUNG, IN",70.9,8,49.9,8,1013.5,8,999.9,0,1.2,8,1.9,8,6,999.9,88, ,56.5, ,0,I,999.9,0
42182099999,28-10-2009,28.584511,77.205783,214.88,"SAFDARJUNG, IN",70.2,8,52.5,8,1014.7,8,999.9,0,0.7,8,0.8,8,4.1,999.9,86.9, ,56.3, ,0,I,999.9,0
42182099999,29-10-2009,28.584511,77.205783,214.88,"SAFDARJUNG, IN",73.9,8,54.1,8,1015.9,8,999.9,0,0.6,8,1.7,8,6,999.9,87.8, ,56.7, ,0,I,999.9,0
42182099999,30-10-2009,28.584511,77.205783,214.88,"SAFDARJUNG, IN",74.4,8,54.3,8,1014.1,8,999.9,0,1.2,8,3.4,8,12,999.9,89.6, ,63.5, ,0,I,999.9,0
42182099999,31-10-2009,28.584511,77.205783,214.88,"SAFDARJUNG, IN",73.2,8,54.9,8,1012.3,8,999.9,0,1.2,8,1.4,8,5.1,999.9,89.6, ,61.7, ,0,I,999.9,0
42182099999,01-11-2009,28.584511,77.205783,214.88,"SAFDARJUNG, IN",72.5,8,59.2,8,1013.3,8,999.9,0,0.8,8,0.2,8,1.9,999.9,90.3, ,60.3, ,0,I,999.9,0
42182099999,02-11-2009,28.584511,77.205783,214.88,"SAFDARJUNG, IN",72.5,8,60.1,8,1015.9,8,999.9,0,0.6,8,0.5,8,4.1,999.9,88.7, ,60.3, ,0,I,999.9,0
42182099999,03-11-2009,28.584511,77.205783,214.88,"SAFDARJUNG, IN",70.5,8,60.8,8,1017.2,8,999.9,0,0.9,8,0.5,8,2.9,999.9,85.3, ,59.9, ,0,I,999.9,0
42182099999,04-11-2009,28.584511,77.205783,214.88,"SAFDARJUNG, IN",70.7,8,60.1,8,1016.8,8,999.9,0,1.1,8,0.5,8,2.9,999.9,85.3, ,60.1, ,0,I,999.9,0
42182099999,05-11-2009,28.584511,77.205783,214.88,"SAFDARJUNG, IN",71.6,8,59.5,8,1015.8,7,999.9,0,1,8,0.1,8,1,999.9,87.3, ,59.9, ,0,I,999.9,0
42182099999,06-11-2009,28.584511,77.205783,214.88,"SAFDARJUNG, IN",71.1,8,59.5,8,1014.1,8,999.9,0,0.6,8,0.5,8,4.1,999.9,85.8, ,59.4, ,0,I,999.9,0
42182099999,07-11-2009,28.584511,77.205783,214.88,"SAFDARJUNG, IN",70.8,8,60.9,8,1012.5,8,999.9,0,0.5,8,0.4,8,2.9,999.9,84.9, ,59.9, ,0,I,999.9,100000
42182099999,08-11-2009,28.584511,77.205783,214.88,"SAFDARJUNG, IN",72.9,8,62.7,8,1011.6,8,999.9,0,0.6,8,0.6,8,2.9,999.9,88, ,61.2, ,0,I,999.9,100000
42182099999,09-11-2009,28.584511,77.205783,214.88,"SAFDARJUNG, IN",74.8,8,59,8,1009.2,8,999.9,0,1,8,1.9,8,5.1,999.9,90.5, ,61.3, ,0,I,999.9,0
42182099999,10-11-2009,28.584511,77.205783,214.88,"SAFDARJUNG, IN",71.9,8,57.8,8,1008.8,8,999.9,0,1,8,2.7,8,6,999.9,83.8, ,63.3, ,0,I,999.9,0
42182099999,11-11-2009,28.584511,77.205783,214.88,"SAFDARJUNG, IN",66.9,8,47.7,8,1009.2,8,999.9,0,0.9,8,1.9,8,8,999.9,77.5, ,57.6, ,0,I,999.9,100000
42182099999,12-11-2009,28.584511,77.205783,214.88,"SAFDARJUNG, IN",66.2,8,54.4,8,1012.6,8,999.9,0,0.6,8,1,8,2.9,999.9,72.3, ,60.1, ,0.03,E,999.9,10000
42182099999,13-11-2009,28.584511,77.205783,214.88,"SAFDARJUNG, IN",68.2,8,64.2,8,1013.7,8,999.9,0,0.9,8,1.7,8,5.1,999.9,72.7, ,62.6, ,0.12,G,999.9,10000
42182099999,14-11-2009,28.584511,77.205783,214.88,"SAFDARJUNG, IN",72,8,66.8,8,1011.6,8,999.9,0,0.9,8,1.4,8,6,999.9,80.6, ,66.2, ,0.01,G,999.9,0
42182099999,15-11-2009,28.584511,77.205783,214.88,"SAFDARJUNG, IN",72.1,8,63.9,8,1009.2,8,999.9,0,0.8,8,1.2,8,6,999.9,82.4, ,65.1,*,0,G,999.9,100000
42182099999,16-11-2009,28.584511,77.205783,214.88,"SAFDARJUNG, IN",70.3,8,62,8,1010.4,7,999.9,0,0.8,8,1.9,8,11.1,999.9,80.8, ,61.7, ,99.99, ,999.9,10010
42182099999,17-11-2009,28.584511,77.205783,214.88,"SAFDARJUNG, IN",66.8,8,57.5,8,1013.4,8,999.9,0,0.9,8,0.7,8,2.9,999.9,80.8, ,58.3,*,0.31,G,999.9,0
42182099999,18-11-2009,28.584511,77.205783,214.88,"SAFDARJUNG, IN",64.3,8,47,8,1014.6,8,999.9,0,0.9,8,2.2,8,8,999.9,77.4, ,51.3, ,0,G,999.9,0
42182099999,19-11-2009,28.584511,77.205783,214.88,"SAFDARJUNG, IN",63.6,8,45.3,8,1016.5,8,999.9,0,1.1,8,4.1,8,14,999.9,75.7, ,53.8, ,0,I,999.9,0
42182099999,20-11-2009,28.584511,77.205783,214.88,"SAFDARJUNG, IN",61.2,8,45.7,8,1017.4,8,999.9,0,1,8,2.6,8,8.9,999.9,75.6, ,51.3, ,0,I,999.9,0
42182099999,21-11-2009,28.584511,77.205783,214.88,"SAFDARJUNG, IN",60.2,8,46.3,8,1018.3,8,999.9,0,0.9,8,0.5,8,1.9,999.9,77.7, ,47.5, ,0,I,999.9,0
42182099999,22-11-2009,28.584511,77.205783,214.88,"SAFDARJUNG, IN",61.2,8,49,8,1017.8,8,999.9,0,0.8,8,0.2,8,1.9,999.9,78.8, ,47.7, ,0,I,999.9,0
42182099999,23-11-2009,28.584511,77.205783,214.88,"SAFDARJUNG, IN",61.8,8,49.2,8,1017.7,8,999.9,0,0.8,8,0.6,8,2.9,999.9,78.4, ,49.3, ,0,I,999.9,100000
42182099999,24-11-2009,28.584511,77.205783,214.88,"SAFDARJUNG, IN",62.2,8,48.7,8,1015.9,8,999.9,0,0.8,8,1.4,8,4.1,999.9,77.5, ,48.7, ,0,I,999.9,0
42182099999,25-11-2009,28.584511,77.205783,214.88,"SAFDARJUNG, IN",63.1,8,50.3,8,1015.1,8,999.9,0,0.9,8,0.8,8,6,999.9,81.3, ,49.3, ,0,I,999.9,0
42182099999,26-11-2009,28.584511,77.205783,214.88,"SAFDARJUNG, IN",63.9,8,49.6,8,1014.4,8,999.9,0,1,8,2.2,8,8,999.9,82, ,50.9, ,0,I,999.9,0
42182099999,27-11-2009,28.584511,77.205783,214.88,"SAFDARJUNG, IN",61.5,8,49,8,1016.4,8,999.9,0,1,8,2,8,8,999.9,77, ,51.8, ,0,I,999.9,0
42182099999,28-11-2009,28.584511,77.205783,214.88,"SAFDARJUNG, IN",59.7,8,44.9,8,1018.4,8,999.9,0,0.9,8,0.5,8,2.9,999.9,77, ,46.2, ,0,I,999.9,0
42182099999,29-11-2009,28.584511,77.205783,214.88,"SAFDARJUNG, IN",59.3,8,46.8,8,1017.5,8,999.9,0,0.9,8,1.1,8,6,999.9,77, ,47.7, ,0,I,999.9,0
42182099999,30-11-2009,28.584511,77.205783,214.88,"SAFDARJUNG, IN",61.3,8,49.5,8,1017.6,8,999.9,0,0.9,8,0.2,8,1.9,999.9,77, ,50.4, ,0,I,999.9,0
42182099999,01-12-2009,28.584511,77.205783,214.88,"SAFDARJUNG, IN",61,8,50.6,8,1017.4,8,999.9,0,0.7,8,0.4,8,2.9,999.9,76.5, ,48.7, ,0,I,999.9,100000
42182099999,02-12-2009,28.584511,77.205783,214.88,"SAFDARJUNG, IN",62.7,8,50.4,8,1017.3,8,999.9,0,0.8,8,1.1,8,5.1,999.9,79.5, ,53.1, ,0,I,999.9,0
42182099999,03-12-2009,28.584511,77.205783,214.88,"SAFDARJUNG, IN",61.7,8,50.7,8,1016.9,8,999.9,0,0.8,8,1,8,4.1,999.9,78.3, ,50, ,0,I,999.9,0
42182099999,04-12-2009,28.584511,77.205783,214.88,"SAFDARJUNG, IN",63,8,52.1,8,1015.3,8,999.9,0,0.8,8,0.6,8,4.1,999.9,82, ,49.5, ,0,I,999.9,0
42182099999,05-12-2009,28.584511,77.205783,214.88,"SAFDARJUNG, IN",64.3,8,55.4,8,1014,8,999.9,0,0.8,8,0.4,8,2.9,999.9,81.3, ,50.9, ,0,I,999.9,0
42182099999,06-12-2009,28.584511,77.205783,214.88,"SAFDARJUNG, IN",65.6,8,55.1,8,1013.5,8,999.9,0,0.9,8,0.8,8,6,999.9,81.3, ,55.9, ,0,I,999.9,0
42182099999,07-12-2009,28.584511,77.205783,214.88,"SAFDARJUNG, IN",61.5,8,50.3,8,1014.5,8,999.9,0,0.8,8,0.6,8,2.9,999.9,75.9, ,52.2,*,0,I,999.9,0
42182099999,08-12-2009,28.584511,77.205783,214.88,"SAFDARJUNG, IN",58.2,8,44.2,8,1015.7,8,999.9,0,0.9,8,1,8,6,999.9,72, ,46.9, ,0,I,999.9,0
42182099999,09-12-2009,28.584511,77.205783,214.88,"SAFDARJUNG, IN",58,8,49.3,8,1015.5,8,999.9,0,0.6,8,0.2,8,1.9,999.9,75.9, ,46.9, ,0,I,999.9,0
42182099999,10-12-2009,28.584511,77.205783,214.88,"SAFDARJUNG, IN",62.1,8,53.8,8,1014.7,8,999.9,0,0.5,8,0,8,999.9,999.9,75.9, ,52.9, ,0,I,999.9,100000
42182099999,11-12-2009,28.584511,77.205783,214.88,"SAFDARJUNG, IN",63.1,8,51,8,1015.1,8,999.9,0,0.7,8,1,8,2.9,999.9,77.7, ,53.4, ,0,I,999.9,100000
42182099999,12-12-2009,28.584511,77.205783,214.88,"SAFDARJUNG, IN",61.6,8,50.6,8,1014.8,8,999.9,0,0.9,8,1.6,8,5.1,999.9,75.4, ,52.2, ,0,I,999.9,0
42182099999,13-12-2009,28.584511,77.205783,214.88,"SAFDARJUNG, IN",61.7,8,51.5,8,1016.5,8,999.9,0,0.8,8,0.4,8,2.9,999.9,75.6, ,53.1, ,0,I,999.9,0
42182099999,14-12-2009,28.584511,77.205783,214.88,"SAFDARJUNG, IN",62.3,8,51.7,8,1016.7,8,999.9,0,0.7,8,0.7,8,1.9,999.9,76.3, ,48.9, ,99.99, ,999.9,10000
42182099999,15-12-2009,28.584511,77.205783,214.88,"SAFDARJUNG, IN",61.2,8,55.1,8,1018.3,8,999.9,0,0.8,8,0.1,8,1,999.9,74.3, ,54.7,*,0.08,G,999.9,0
42182099999,16-12-2009,28.584511,77.205783,214.88,"SAFDARJUNG, IN",61.4,8,53,8,1017.4,8,999.9,0,0.8,8,0.8,8,4.1,999.9,74.5, ,51.1, ,0.02,G,999.9,100000
42182099999,17-12-2009,28.584511,77.205783,214.88,"SAFDARJUNG, IN",60.1,8,50.9,8,1017.7,8,999.9,0,1,8,1,8,5.1,999.9,75.2, ,48.9, ,0,G,999.9,100000
42182099999,18-12-2009,28.584511,77.205783,214.88,"SAFDARJUNG, IN",58.2,8,46.5,8,1019.4,8,999.9,0,0.8,8,1.5,8,6,999.9,75.2, ,47.5, ,0,I,999.9,0
42182099999,19-12-2009,28.584511,77.205783,214.88,"SAFDARJUNG, IN",56.8,8,46,8,1021,8,999.9,0,1,8,1.2,8,5.1,999.9,71.8, ,45.9, ,0,I,999.9,0
42182099999,20-12-2009,28.584511,77.205783,214.88,"SAFDARJUNG, IN",55.2,7,46.3,7,1021.6,7,999.9,0,0.8,7,1.4,7,6,999.9,71.1, ,47.1, ,0,I,999.9,0
42182099999,21-12-2009,28.584511,77.205783,214.88,"SAFDARJUNG, IN",56.3,8,45.8,8,1020.8,8,999.9,0,0.8,8,2.2,8,9.9,999.9,72, ,45.3, ,0,I,999.9,100000
42182099999,22-12-2009,28.584511,77.205783,214.88,"SAFDARJUNG, IN",55.7,8,44.8,8,1018.9,8,999.9,0,0.9,8,3,8,9.9,999.9,72, ,43.5, ,0,I,999.9,0
42182099999,23-12-2009,28.584511,77.205783,214.88,"SAFDARJUNG, IN",57.1,7,45.6,7,1018.2,7,999.9,0,1,7,1.4,7,6,999.9,72.7, ,43.5, ,0,I,999.9,0
42182099999,24-12-2009,28.584511,77.205783,214.88,"SAFDARJUNG, IN",56.1,8,45.7,8,1017.7,8,999.9,0,0.8,8,1.3,8,6,999.9,73.4, ,43, ,0,I,999.9,0
42182099999,25-12-2009,28.584511,77.205783,214.88,"SAFDARJUNG, IN",55,8,46.4,8,1015.6,8,999.9,0,0.9,8,2.7,8,9.9,999.9,70.7, ,45.3, ,0,I,999.9,100000
42182099999,26-12-2009,28.584511,77.205783,214.88,"SAFDARJUNG, IN",54.7,8,44.2,8,1015.2,8,999.9,0,0.8,8,0.8,8,4.1,999.9,73.4, ,41.4, ,0,I,999.9,100000
42182099999,27-12-2009,28.584511,77.205783,214.88,"SAFDARJUNG, IN",54.6,8,45.8,8,1015.7,8,999.9,0,0.7,8,0.2,8,1.9,999.9,72.9, ,41.9, ,0,I,999.9,100000
42182099999,28-12-2009,28.584511,77.205783,214.88,"SAFDARJUNG, IN",54.3,7,45.5,7,1015.4,7,999.9,0,0.7,7,0.6,7,4.1,999.9,70.5, ,42.3, ,0,I,999.9,100000
42182099999,29-12-2009,28.584511,77.205783,214.88,"SAFDARJUNG, IN",54,8,46.4,8,1015,8,999.9,0,0.7,8,0.6,8,4.1,999.9,70.5, ,43.2, ,0,I,999.9,100000
42182099999,30-12-2009,28.584511,77.205783,214.88,"SAFDARJUNG, IN",53.4,8,46.2,8,1015.5,8,999.9,0,0.4,8,1.2,8,6,999.9,67.8, ,41.4, ,0,I,999.9,100000
42182099999,31-12-2009,28.584511,77.205783,214.88,"SAFDARJUNG, IN",54.4,8,47.8,8,1016.5,8,999.9,0,0.4,8,1.9,8,5.1,999.9,68.7, ,42.8, ,0,I,999.9,100000
